{
  "subset_size": 10,
  "epochs": 1,
  "lr": 1e-05,
  "device": "cuda",
  "baseline_subset_acc05": 0.26641651031894936,
  "finetuned_subset_acc05": 0.28893058161350843,
  "delta_acc05": 0.022514071294559068,
  "output_checkpoint": "/home/wangzhe/DroneP_VG/project_records/results/metrics/lightweight_optimization/finetune_feasibility_small_20260318/groundingdino_swint_ogc_finetuned_feasibility.pth",
  "progress_log": "/home/wangzhe/DroneP_VG/project_records/results/metrics/lightweight_optimization/finetune_feasibility_small_20260318/finetune_progress.tsv",
  "subset_stems": [
    "043_VisDrone2019-DET-train_9999951_00000_d_0000059",
    "042_VisDrone2019-DET-train_0000008_02499_d_0000041",
    "092_VisDrone2019-DET-train_9999972_00000_d_0000032",
    "010_VisDrone2019-DET-train_9999962_00000_d_0000150",
    "066_VisDrone2019-DET-train_0000010_00569_d_0000056",
    "051_VisDrone2019-DET-val_0000330_04001_d_0000820",
    "002_VisDrone2019-DET-train_0000279_03601_d_0000600",
    "071_VisDrone2019-DET-train_0000010_05149_d_0000057",
    "016_VisDrone2019-DET-train_9999999_00189_d_0000078",
    "079_VisDrone2019-DET-train_9999969_00000_d_0000044"
  ]
}